{"tags_chinese": "\u8f66, \u505c\u8f66\u573a, \u6982\u5ff5\u8f66, \u516c\u56ed, \u7d2b\u8272, \u8dd1\u8f66", "mask": [{"value": 0, "label": "background"}, {"value": 1, "label": "car", "logit": 0.51, "box": [705.92138671875, 507.48236083984375, 1809.88818359375, 1061.61767578125]}, {"value": 2, "label": "car", "logit": 0.38, "box": [245.83401489257812, 538.851318359375, 1141.431884765625, 890.3858642578125]}, {"value": 3, "label": "parking lot", "logit": 0.31, "box": [3.0013427734375, 642.54443359375, 1915.3275146484375, 1196.414794921875]}]}