{"tags_chinese": "\u8f66, \u505c\u8f66\u573a, \u516c\u56ed, \u505c\u8f66, \u505c\u8f66\u573a, \u8f66\u8f86", "mask": [{"value": 0, "label": "background"}, {"value": 1, "label": "parking lot", "logit": 0.35, "box": [3.511627197265625, 4.480010986328125, 994.565673828125, 700.53369140625]}, {"value": 2, "label": "car", "logit": 0.34, "box": [559.1082763671875, 446.8262634277344, 605.8251342773438, 546.2788696289062]}, {"value": 3, "label": "car", "logit": 0.29, "box": [557.5901489257812, 218.6210174560547, 606.141357421875, 323.5054016113281]}]}