{"tags_chinese": "\u8f66, \u8f66\u5e93, \u7ebf\u6761, \u516c\u56ed, \u505c\u8f66, \u505c\u8f66\u573a, \u884c, \u5c0f\u8f7f\u8f66, \u767d\u8272", "mask": [{"value": 0, "label": "background"}, {"value": 1, "label": "car", "logit": 0.49, "box": [3.16668701171875, 180.88229370117188, 1008.0498657226562, 1013.707763671875]}, {"value": 2, "label": "sedan", "logit": 0.34, "box": [857.31298828125, 326.1269836425781, 1318.646484375, 789.924560546875]}, {"value": 3, "label": "car", "logit": 0.28, "box": [7.64495849609375, 16.2294921875, 1907.89794921875, 1058.333740234375]}]}